질문군,키워드,월검색(합),PC,모바일,광고경쟁,점수,상태
A. 게임학과·입시,게임학과,920,250,670,높음,3.23,
A. 게임학과·입시,청강대애니과,800,130,670,높음,3.3,
A. 게임학과·입시,게임고등학교,550,100,450,낮음,3.09,
A. 게임학과·입시,게임콘텐츠학과,380,80,300,높음,2.88,
A. 게임학과·입시,청강대웹툰과,330,50,280,높음,2.87,
A. 게임학과·입시,게임공학과,270,50,220,높음,2.74,
A. 게임학과·입시,게임디자인학과,240,30,210,높음,2.74,
A. 게임학과·입시,게임그래픽학과,230,90,140,높음,2.47,
A. 게임학과·입시,청강대게임과,200,30,170,높음,2.63,
A. 게임학과·입시,청강대포트폴리오,170,30,140,높음,2.52,
A. 게임학과·입시,청강대합격작,170,10,160,높음,2.63,
A. 게임학과·입시,게임관련학과,160,50,110,높음,2.37,
A. 게임학과·입시,청강대입시,110,30,80,높음,2.23,
A. 게임학과·입시,청강대게임학과,110,20,90,높음,2.31,
A. 게임학과·입시,청강대포폴,90,10,80,높음,2.26,
A. 게임학과·입시,게임개발학과,80,20,60,높음,2.1,
A. 게임학과·입시,청강대면접전형,80,20,60,높음,2.1,
A. 게임학과·입시,게임프로그래밍학과,40,20,20,높음,1.61,
A. 게임학과·입시,게임포트폴리오,40,20,20,높음,1.61,
A. 게임학과·입시,게임기획학과,40,20,20,높음,1.61,
A. 게임학과·입시,청강대합격,25,5,20,높음,1.58,
A. 게임학과·입시,게임전공,25,5,20,높음,1.58,
A. 게임학과·입시,청강대입시학원,20,10,10,높음,1.32,
A. 게임학과·입시,청강대실기대전,20,10,10,높음,1.32,
A. 게임학과·입시,게임학과입시,20,10,10,높음,1.32,
A. 게임학과·입시,4년제게임학과,15,5,10,높음,1.28,
A. 게임학과·입시,청강대게임과포트폴리오,15,5,10,높음,1.28,
A. 게임학과·입시,게임컨텐츠학과,10,5,5,높음,1.04,
A. 게임학과·입시,게임입시학원,10,5,5,높음,1.04,
A. 게임학과·입시,게임원화학과,10,5,5,높음,1.04,
A. 게임학과·입시,청강대게임학과포트폴리오,10,5,5,높음,1.04,
A. 게임학과·입시,컴퓨터게임학과,10,5,5,높음,1.04,
A. 게임학과·입시,게임제작학과,10,5,5,높음,1.04,
A. 게임학과·입시,게임실기,10,5,5,낮음,1.04,
B. 게임원화·그림,캐릭터일러스트,5140,350,4790,높음,4.35,
B. 게임원화·그림,일러스트학원,1080,140,940,높음,3.48,
B. 게임원화·그림,게임캐릭터,960,230,730,높음,3.29,
B. 게임원화·그림,캐릭터디자인,810,270,540,높음,3.1,
B. 게임원화·그림,인체드로잉,630,110,520,높음,3.16,
B. 게임원화·그림,디지털드로잉학원,580,110,470,높음,3.11,
B. 게임원화·그림,캐릭터드로잉,580,20,560,높음,3.28,
B. 게임원화·그림,일러스트레이터학원,380,20,360,높음,3.04,
B. 게임원화·그림,게임원화가,230,40,190,높음,2.67,
B. 게임원화·그림,게임일러스트,230,70,160,높음,2.55,
B. 게임원화·그림,컨셉아트,190,60,130,높음,2.45,
B. 게임원화·그림,여자캐릭터일러스트,160,40,120,높음,2.43,
B. 게임원화·그림,게임원화,130,40,90,높음,2.28,
B. 게임원화·그림,게임원화학원,100,50,50,높음,2.0,
B. 게임원화·그림,원화가,90,20,70,중간,2.18,
B. 게임원화·그림,게임캐릭터디자이너,50,10,40,높음,1.91,
B. 게임원화·그림,게임캐릭터디자인,40,10,30,높음,1.77,
B. 게임원화·그림,캐릭터디자인학과,40,10,30,높음,1.77,
B. 게임원화·그림,대전일러스트학원,40,30,10,높음,1.45,
B. 게임원화·그림,게임일러스트레이터,35,5,30,높음,1.78,
B. 게임원화·그림,대전디지털드로잉학원,35,30,5,높음,1.33,
B. 게임원화·그림,컨셉아트학원,30,10,20,높음,1.59,
B. 게임원화·그림,캐릭터디자인수업,30,10,20,높음,1.59,
B. 게임원화·그림,게임일러스트학원,15,5,10,높음,1.28,
B. 게임원화·그림,원화학원,15,5,10,높음,1.28,
B. 게임원화·그림,배경원화,15,5,10,높음,1.28,
B. 게임원화·그림,캐릭터원화,15,5,10,높음,1.28,
B. 게임원화·그림,캐릭터일러스트학원,15,5,10,높음,1.28,
B. 게임원화·그림,캐릭터디자인학원,15,5,10,높음,1.28,
B. 게임원화·그림,인체드로잉기초,15,5,10,높음,1.28,
B. 게임원화·그림,인체드로잉학원,15,5,10,높음,1.28,
B. 게임원화·그림,3D캐릭터디자인,15,10,5,높음,1.12,
B. 게임원화·그림,게임원화포트폴리오,10,5,5,높음,1.04,
B. 게임원화·그림,게임원화가학원,10,5,5,높음,1.04,
B. 게임원화·그림,게임캐릭터원화디자이너,10,5,5,낮음,1.04,
B. 게임원화·그림,게임배경원화,10,5,5,높음,1.04,
B. 게임원화·그림,게임원화국비지원,10,5,5,높음,1.04,
B. 게임원화·그림,배경컨셉아트,10,5,5,높음,1.04,
B. 게임원화·그림,게임원화국비,10,5,5,높음,1.04,
B. 게임원화·그림,배경원화학원,10,5,5,높음,1.04,
B. 게임원화·그림,배경원화가,10,5,5,낮음,1.04,
B. 게임원화·그림,게임캐릭터학원,10,5,5,높음,1.04,
B. 게임원화·그림,인체드로잉강의,10,5,5,높음,1.04,
B. 게임원화·그림,캐릭터드로잉학원,10,5,5,높음,1.04,
B. 게임원화·그림,대전게임원화학원,10,5,5,높음,1.04,
C. 3D·모델링,블렌더3D,2140,1100,1040,높음,2.98,
C. 3D·모델링,지브러쉬,1180,440,740,높음,2.91,
C. 3D·모델링,3DMAX,860,560,300,높음,2.48,
C. 3D·모델링,리깅,800,360,440,높음,2.67,
C. 3D·모델링,3D모델링사이트,770,400,370,높음,2.58,
C. 3D·모델링,노마드스컬프,580,180,400,중간,2.68,
C. 3D·모델링,3DSMAX,440,310,130,높음,2.19,
C. 3D·모델링,3D블렌더,390,220,170,높음,2.27,
C. 3D·모델링,3D맥스,370,200,170,높음,2.27,
C. 3D·모델링,ZBRUSH,310,210,100,높음,2.08,
C. 3D·모델링,3D애니메이션,280,90,190,높음,2.36,
C. 3D·모델링,3D게임,270,70,200,높음,2.4,
C. 3D·모델링,3D모델링학원,220,70,150,높음,2.26,
C. 3D·모델링,블랜더3D,190,120,70,높음,1.94,
C. 3D·모델링,블렌더학원,170,100,70,높음,1.94,
C. 3D·모델링,3D학원,130,30,100,높음,2.11,
C. 3D·모델링,서브스턴스페인터,120,80,40,높음,1.75,
C. 3D·모델링,3D모델러,90,30,60,높음,1.88,
C. 3D·모델링,3D배경,60,20,40,높음,1.71,
C. 3D·모델링,3D애니메이션학원,60,20,40,높음,1.71,
C. 3D·모델링,3D캐릭터모델링,50,20,30,높음,1.6,
C. 3D·모델링,캐릭터모델링,50,10,40,높음,1.72,
C. 3D·모델링,3D그래픽디자이너,50,10,40,높음,1.72,
C. 3D·모델링,3D모션그래픽,50,20,30,높음,1.6,
C. 3D·모델링,유니티3D,40,30,10,높음,1.31,
C. 3D·모델링,3D애니메이터,40,10,30,높음,1.6,
C. 3D·모델링,UNITY3D,35,30,5,높음,1.2,
C. 3D·모델링,대전마야학원,35,30,5,높음,1.2,
C. 3D·모델링,지브러쉬학원,30,10,20,높음,1.43,
C. 3D·모델링,지브러쉬강의,30,10,20,높음,1.43,
C. 3D·모델링,3D디자인학원,25,5,20,높음,1.43,
C. 3D·모델링,3D캐릭터만들기,20,10,10,높음,1.19,
C. 3D·모델링,3D아티스트,20,10,10,높음,1.19,
C. 3D·모델링,3D그래픽학원,20,10,10,높음,1.19,
C. 3D·모델링,블렌더3D학원,20,10,10,높음,1.19,
C. 3D·모델링,3D배경모델러,15,5,10,높음,1.16,
C. 3D·모델링,내일배움카드3D,15,5,10,높음,1.16,
C. 3D·모델링,게임모델링,15,5,10,낮음,1.16,
C. 3D·모델링,3D포트폴리오,15,10,5,높음,1.01,
C. 3D·모델링,대전3D,15,5,10,높음,1.16,
C. 3D·모델링,3D배경모델링,10,5,5,높음,0.94,
C. 3D·모델링,3D배경학원,10,5,5,높음,0.94,
C. 3D·모델링,게임배경모델링,10,5,5,낮음,0.94,
C. 3D·모델링,국비3D,10,5,5,낮음,0.94,
C. 3D·모델링,캐릭터모델링학원,10,5,5,낮음,0.94,
C. 3D·모델링,게임3D,10,5,5,높음,0.94,
C. 3D·모델링,국비지원3D,10,5,5,높음,0.94,
C. 3D·모델링,배경모델링,10,5,5,낮음,0.94,
C. 3D·모델링,3DSMAX학원,10,5,5,높음,0.94,
C. 3D·모델링,MAYA학원,10,5,5,낮음,0.94,
C. 3D·모델링,국비지원3D모델링,10,5,5,높음,0.94,
C. 3D·모델링,3D그래픽디자인,10,5,5,높음,0.94,
C. 3D·모델링,3D게임학원,10,5,5,높음,0.94,
C. 3D·모델링,3D캐릭터학원,10,5,5,높음,0.94,
C. 3D·모델링,3D캐릭터모델링학원,10,5,5,높음,0.94,
C. 3D·모델링,3D게임그래픽학원,10,5,5,낮음,0.94,
C. 3D·모델링,3D맥스강의,10,5,5,높음,0.94,
C. 3D·모델링,3D모델러학원,10,5,5,낮음,0.94,
C. 3D·모델링,3D블렌더강의,10,5,5,높음,0.94,
C. 3D·모델링,지브러쉬취업,10,5,5,높음,0.94,
C. 3D·모델링,3D블렌더학원,10,5,5,높음,0.94,
C. 3D·모델링,게임모델링학원,10,5,5,높음,0.94,
C. 3D·모델링,3DMAX국비지원,10,5,5,낮음,0.94,
C. 3D·모델링,ZBRUSH학원,10,5,5,낮음,0.94,
C. 3D·모델링,지브러쉬강좌,10,5,5,낮음,0.94,
C. 3D·모델링,3D모델링국비지원,10,5,5,높음,0.94,
C. 3D·모델링,3D모션그래픽취업,10,5,5,낮음,0.94,
C. 3D·모델링,3D모션학원,10,5,5,높음,0.94,
C. 3D·모델링,3D모델링취업,10,5,5,높음,0.94,
C. 3D·모델링,리깅학원,10,5,5,높음,0.94,
C. 3D·모델링,3D모델링국비,10,5,5,높음,0.94,
C. 3D·모델링,3D모션그래픽학원,10,5,5,높음,0.94,
C. 3D·모델링,MAYA가격,10,5,5,높음,0.94,
C. 3D·모델링,3D강의,10,5,5,높음,0.94,
C. 3D·모델링,3D내일배움카드,10,5,5,높음,0.94,
C. 3D·모델링,대전3D학원,10,5,5,높음,0.94,
C. 3D·모델링,대전블렌더학원,10,5,5,높음,0.94,
C. 3D·모델링,대전3D맥스학원,10,5,5,낮음,0.94,
D. 게임기획·개발,UNITY,3790,1490,2300,높음,3.36,
D. 게임기획·개발,언리얼엔진,1770,970,800,높음,2.87,
D. 게임기획·개발,C++,890,430,460,높음,2.67,
D. 게임기획·개발,게임만들기,620,230,390,높음,2.64,
D. 게임기획·개발,게임개발자,550,150,400,높음,2.69,
D. 게임기획·개발,C#,430,200,230,높음,2.4,
D. 게임기획·개발,게임프로그래머,380,80,300,높음,2.59,
D. 게임기획·개발,게임개발,370,160,210,높음,2.37,
D. 게임기획·개발,언리얼엔진5,250,130,120,높음,2.14,
D. 게임기획·개발,유니티엔진,200,110,90,높음,2.03,
D. 게임기획·개발,게임기획자,190,60,130,높음,2.2,
D. 게임기획·개발,C++프로그래밍,190,70,120,높음,2.16,
D. 게임기획·개발,게임그래픽,160,50,110,높음,2.14,
D. 게임기획·개발,게임그래픽디자이너,160,30,130,높음,2.23,
D. 게임기획·개발,게임기획,150,60,90,높음,2.04,
D. 게임기획·개발,게임엔진,150,50,100,높음,2.09,
D. 게임기획·개발,게임그래픽전문가,130,80,50,높음,1.82,
D. 게임기획·개발,게임디자이너,120,30,90,높음,2.06,
D. 게임기획·개발,게임기획전문가,100,50,50,높음,1.8,
D. 게임기획·개발,게임개발학원,90,30,60,높음,1.88,
D. 게임기획·개발,유니티게임,90,30,60,높음,1.88,
D. 게임기획·개발,C++학원,90,20,70,높음,1.96,
D. 게임기획·개발,게임기획학원,80,50,30,높음,1.63,
D. 게임기획·개발,언리얼5,80,50,30,높음,1.63,
D. 게임기획·개발,게임그래픽학원,70,30,40,높음,1.71,
D. 게임기획·개발,인디게임개발,70,30,40,높음,1.71,
D. 게임기획·개발,게임그래픽전문가자격증,70,30,40,높음,1.71,
D. 게임기획·개발,게임기획서,60,30,30,높음,1.61,
D. 게임기획·개발,1인게임개발,50,30,20,높음,1.48,
D. 게임기획·개발,게임프로그래밍,40,20,20,높음,1.45,
D. 게임기획·개발,언리얼엔진학원,40,10,30,높음,1.6,
D. 게임기획·개발,게임프로그래밍전문가,40,20,20,높음,1.45,
D. 게임기획·개발,유니티학원,30,10,20,높음,1.43,
D. 게임기획·개발,게임개발자되는법,30,10,20,높음,1.43,
D. 게임기획·개발,모바일게임만들기,30,10,20,높음,1.43,
D. 게임기획·개발,유니티자격증,30,20,10,높음,1.25,
D. 게임기획·개발,C++기초,30,10,20,높음,1.43,
D. 게임기획·개발,게임그래픽디자인,25,5,20,높음,1.43,
D. 게임기획·개발,게임개발자격증,25,5,20,높음,1.43,
D. 게임기획·개발,게임프로그래밍학원,20,10,10,높음,1.19,
D. 게임기획·개발,유니티강의,20,10,10,높음,1.19,
D. 게임기획·개발,게임개발부트캠프,20,10,10,높음,1.19,
D. 게임기획·개발,언리얼학원,20,10,10,높음,1.19,
D. 게임기획·개발,언리얼엔진강의,20,10,10,높음,1.19,
D. 게임기획·개발,유니티개발,20,10,10,높음,1.19,
D. 게임기획·개발,언리얼부트캠프,20,10,10,높음,1.19,
D. 게임기획·개발,C++강의,20,10,10,높음,1.19,
D. 게임기획·개발,게임기획전문가자격증,20,10,10,높음,1.19,
D. 게임기획·개발,게임개발자채용,20,10,10,높음,1.19,
D. 게임기획·개발,게임프로그래머채용,20,10,10,중간,1.19,
D. 게임기획·개발,게임기획포트폴리오,15,5,10,높음,1.16,
D. 게임기획·개발,C#교육,15,10,5,높음,1.01,
D. 게임기획·개발,유니티게임개발,15,10,5,높음,1.01,
D. 게임기획·개발,언리얼엔진국비지원,15,10,5,높음,1.01,
D. 게임기획·개발,유니티개발자,15,5,10,높음,1.16,
D. 게임기획·개발,게임개발과,15,5,10,높음,1.16,
D. 게임기획·개발,C#프로그래밍입문,15,5,10,높음,1.16,
D. 게임기획·개발,유니티게임만들기,15,10,5,높음,1.01,
D. 게임기획·개발,유니티공부,15,5,10,낮음,1.16,
D. 게임기획·개발,대전게임기획학원,15,10,5,높음,1.01,
D. 게임기획·개발,게임기획자자격증,15,5,10,높음,1.16,
D. 게임기획·개발,유니티국비지원,10,5,5,높음,0.94,
D. 게임기획·개발,게임개발국비지원,10,5,5,높음,0.94,
D. 게임기획·개발,C#학원,10,5,5,높음,0.94,
D. 게임기획·개발,국비지원게임개발,10,5,5,높음,0.94,
D. 게임기획·개발,유니티부트캠프,10,5,5,중간,0.94,
D. 게임기획·개발,게임기획자학원,10,5,5,높음,0.94,
D. 게임기획·개발,게임기획자되기,10,5,5,높음,0.94,
D. 게임기획·개발,유니티교육,10,5,5,높음,0.94,
D. 게임기획·개발,유니티인터넷강의,10,5,5,낮음,0.94,
D. 게임기획·개발,게임개발자국비지원,10,5,5,높음,0.94,
D. 게임기획·개발,게임개발자학원,10,5,5,높음,0.94,
D. 게임기획·개발,게임개발아카데미,10,5,5,높음,0.94,
D. 게임기획·개발,게임기획아카데미,10,5,5,낮음,0.94,
D. 게임기획·개발,유니티아카데미,10,5,5,높음,0.94,
D. 게임기획·개발,유니티인강,10,5,5,높음,0.94,
D. 게임기획·개발,C++게임프로그래밍,10,5,5,높음,0.94,
D. 게임기획·개발,모바일게임개발,10,5,5,높음,0.94,
D. 게임기획·개발,유니티국비,10,5,5,높음,0.94,
D. 게임기획·개발,언리얼강의,10,5,5,높음,0.94,
D. 게임기획·개발,게임개발PM,10,5,5,높음,0.94,
D. 게임기획·개발,게임개발자부트캠프,10,5,5,높음,0.94,
D. 게임기획·개발,게임프로그래머학원,10,5,5,높음,0.94,
D. 게임기획·개발,언리얼엔진국비,10,5,5,높음,0.94,
D. 게임기획·개발,게임기획국비지원,10,5,5,높음,0.94,
D. 게임기획·개발,C#국비지원,10,5,5,낮음,0.94,
D. 게임기획·개발,게임기획강의,10,5,5,낮음,0.94,
D. 게임기획·개발,게임개발교육,10,5,5,높음,0.94,
D. 게임기획·개발,게임기획국비,10,5,5,높음,0.94,
D. 게임기획·개발,국비지원게임기획,10,5,5,높음,0.94,
D. 게임기획·개발,언리얼엔진교육,10,5,5,높음,0.94,
D. 게임기획·개발,UNITY강의,10,5,5,높음,0.94,
D. 게임기획·개발,언리얼엔진자격증,10,5,5,낮음,0.94,
D. 게임기획·개발,언리얼아카데미,10,5,5,높음,0.94,
D. 게임기획·개발,게임기획과외,10,5,5,낮음,0.94,
D. 게임기획·개발,유니티과외,10,5,5,낮음,0.94,
D. 게임기획·개발,유니티배우기,10,5,5,높음,0.94,
D. 게임기획·개발,유니티포트폴리오,10,5,5,높음,0.94,
D. 게임기획·개발,유니티취업,10,5,5,높음,0.94,
D. 게임기획·개발,언리얼교육,10,5,5,높음,0.94,
D. 게임기획·개발,게임개발인강,10,5,5,높음,0.94,
D. 게임기획·개발,게임개발강의,10,5,5,높음,0.94,
D. 게임기획·개발,언리얼엔진취업,10,5,5,높음,0.94,
D. 게임기획·개발,내일배움카드유니티,10,5,5,높음,0.94,
D. 게임기획·개발,언리얼엔진5학원,10,5,5,높음,0.94,
D. 게임기획·개발,게임기획취업,10,5,5,높음,0.94,
D. 게임기획·개발,C#배우기,10,5,5,높음,0.94,
D. 게임기획·개발,유니티강좌,10,5,5,높음,0.94,
D. 게임기획·개발,UNITY학원,10,5,5,높음,0.94,
D. 게임기획·개발,언리얼엔진5강의,10,5,5,높음,0.94,
D. 게임기획·개발,게임기획의도,10,5,5,높음,0.94,
D. 게임기획·개발,언리얼국비지원,10,5,5,높음,0.94,
D. 게임기획·개발,언리얼국비,10,5,5,높음,0.94,
D. 게임기획·개발,국비지원유니티,10,5,5,낮음,0.94,
D. 게임기획·개발,게임개발국비,10,5,5,높음,0.94,
D. 게임기획·개발,게임디자이너되기,10,5,5,낮음,0.94,
D. 게임기획·개발,C++교육,10,5,5,높음,0.94,
D. 게임기획·개발,국비지원언리얼엔진,10,5,5,낮음,0.94,
D. 게임기획·개발,국비지원언리얼,10,5,5,높음,0.94,
D. 게임기획·개발,C#강좌,10,5,5,높음,0.94,
D. 게임기획·개발,유니티수업,10,5,5,낮음,0.94,
D. 게임기획·개발,C++강좌,10,5,5,높음,0.94,
D. 게임기획·개발,게임개발공부,10,5,5,높음,0.94,
D. 게임기획·개발,C#기초,10,5,5,높음,0.94,
D. 게임기획·개발,C#강의,10,5,5,높음,0.94,
D. 게임기획·개발,C#인강,10,5,5,높음,0.94,
D. 게임기획·개발,C++공부,10,5,5,높음,0.94,
D. 게임기획·개발,C++배우기,10,5,5,높음,0.94,
D. 게임기획·개발,C++프로젝트,10,5,5,높음,0.94,
D. 게임기획·개발,C#인터넷강의,10,5,5,낮음,0.94,
D. 게임기획·개발,C++인강,10,5,5,높음,0.94,
D. 게임기획·개발,대전게임개발학원,10,5,5,높음,0.94,
D. 게임기획·개발,대전게임프로그래밍학원,10,5,5,높음,0.94,
D. 게임기획·개발,대전C++학원,10,5,5,낮음,0.94,
E. 게임업계 취업,넥슨채용,5960,2630,3330,높음,3.09,
E. 게임업계 취업,크래프톤채용,2800,1010,1790,중간,2.91,
E. 게임업계 취업,게임회사,1740,510,1230,높음,2.81,
E. 게임업계 취업,넷마블채용,1270,620,650,높음,2.5,
E. 게임업계 취업,펄어비스채용,1030,440,590,높음,2.48,
E. 게임업계 취업,엔씨소프트채용,670,320,350,높음,2.28,
E. 게임업계 취업,카카오게임즈채용,570,250,320,중간,2.26,
E. 게임업계 취업,네오플채용,570,230,340,높음,2.29,
E. 게임업계 취업,넥슨연봉,490,90,400,높음,2.43,
E. 게임업계 취업,게임회사채용,430,120,310,높음,2.29,
E. 게임업계 취업,게임업계,390,250,140,중간,1.96,
E. 게임업계 취업,게임QA,220,110,110,높음,1.88,
E. 게임업계 취업,게임회사취업,150,30,120,높음,1.95,완료(2026-10-03)
E. 게임업계 취업,넥슨취업,100,30,70,높음,1.73,
E. 게임업계 취업,게임회사채용공고,100,40,60,높음,1.67,
E. 게임업계 취업,게임업계취업,60,20,40,높음,1.52,
E. 게임업계 취업,게임취업,40,10,30,높음,1.42,
E. 게임업계 취업,게임QA학원,15,10,5,높음,0.9,
E. 게임업계 취업,일본게임회사취업,15,5,10,높음,1.03,
E. 게임업계 취업,게임업계채용,15,10,5,중간,0.9,
E. 게임업계 취업,게임취업학원,10,5,5,높음,0.83,
E. 게임업계 취업,게임회사취업학원,10,5,5,높음,0.83,
E. 게임업계 취업,넷마블취업,10,5,5,높음,0.83,
E. 게임업계 취업,게임회사취업가이드,10,5,5,낮음,0.83,
E. 게임업계 취업,게임회사취업준비,10,5,5,높음,0.83,
E. 게임업계 취업,게임QA취업,10,5,5,높음,0.83,
F. 대전·학원,게임학원,830,270,560,높음,3.12,
F. 대전·학원,대전컴퓨터학원,560,190,370,높음,2.93,
F. 대전·학원,대전미술학원,420,220,200,높음,2.6,
F. 대전·학원,대전국비지원교육,370,140,230,높음,2.69,
F. 대전·학원,게임아카데미,230,80,150,높음,2.51,
F. 대전·학원,대전국비지원학원,200,100,100,높음,2.3,
F. 대전·학원,대전국비지원,180,90,90,높음,2.26,
F. 대전·학원,대전코딩학원,120,50,70,높음,2.15,
F. 대전·학원,대전디자인,100,50,50,높음,2.0,
F. 대전·학원,국비지원게임학원,60,40,20,높음,1.67,
F. 대전·학원,대전디자인학원,50,10,40,높음,1.91,
F. 대전·학원,둔산동컴퓨터학원,50,10,40,높음,1.91,
F. 대전·학원,대전게임학원,40,20,20,높음,1.61,
F. 대전·학원,대전국비교육,40,10,30,높음,1.77,
F. 대전·학원,대전국비,30,10,20,높음,1.59,
F. 대전·학원,대전일러스트,30,10,20,높음,1.59,
F. 대전·학원,대전국비지원컴퓨터학원,25,5,20,높음,1.58,
F. 대전·학원,대전둔산동컴퓨터학원,25,5,20,중간,1.58,
F. 대전·학원,대전국비학원,25,5,20,높음,1.58,
F. 대전·학원,대전국비지원무료교육,20,10,10,높음,1.32,
F. 대전·학원,게임아카데미학원,15,5,10,높음,1.28,
F. 대전·학원,국비지원게임아카데미,15,5,10,높음,1.28,
F. 대전·학원,대전게임아카데미,15,10,5,높음,1.12,
F. 대전·학원,대전애니학원,15,5,10,높음,1.28,
F. 대전·학원,대전애니메이션학원,15,5,10,높음,1.28,
F. 대전·학원,대전국비무료교육,15,5,10,높음,1.28,
F. 대전·학원,대전은행동컴퓨터학원,15,5,10,높음,1.28,
F. 대전·학원,대전중구컴퓨터학원,15,5,10,높음,1.28,
F. 대전·학원,국비게임학원,10,5,5,높음,1.04,
F. 대전·학원,게임학원추천,10,5,5,높음,1.04,
F. 대전·학원,게임학원수강료,10,5,5,높음,1.04,
F. 대전·학원,게임아카데미추천,10,5,5,높음,1.04,
F. 대전·학원,서현게임학원,10,5,5,중간,1.04,
F. 대전·학원,게임학원국비,10,5,5,높음,1.04,
F. 대전·학원,게임학원국비지원,10,5,5,높음,1.04,
F. 대전·학원,제주도게임학원,10,5,5,중간,1.04,
F. 대전·학원,프로게임학원,10,5,5,낮음,1.04,
F. 대전·학원,대전코딩과외,10,5,5,낮음,1.04,
F. 대전·학원,대전코딩교육,10,5,5,높음,1.04,
F. 대전·학원,대전국비컴퓨터학원,10,5,5,높음,1.04,
F. 대전·학원,대전IT국비지원,10,5,5,높음,1.04,
F. 대전·학원,대전시각디자인,10,5,5,높음,1.04,
F. 대전·학원,대전서구컴퓨터학원,10,5,5,높음,1.04,
F. 대전·학원,대전컴퓨터자격증,10,5,5,높음,1.04,
F. 대전·학원,대전국비지원컴퓨터,10,5,5,높음,1.04,
F. 대전·학원,대전편집디자인,10,5,5,낮음,1.04,
F. 대전·학원,세종게임학원,10,5,5,높음,1.04,
