주제,대표키워드,유형,포함키워드,상태
게임학과 종류와 차이 (공학·디자인·그래픽·콘텐츠·기획),게임학과 종류,입시 허브,게임학과 게임콘텐츠학과 게임공학과 게임디자인학과 게임그래픽학과 게임관련학과 게임개발학과 게임기획학과 게임프로그래밍학과 게임전공 4년제게임학과 컴퓨터게임학과 게임제작학과 게임컨텐츠학과,작성 2026-10-03
게임회사 취업 준비 (직군·포트폴리오·신입),게임회사 취업,취업 허브,게임회사 게임회사채용 게임업계 게임회사취업 게임회사채용공고 게임업계취업 게임취업 게임업계채용 게임취업학원 게임회사취업학원 게임회사취업준비 게임회사취업가이드 게임QA 게임QA취업,작성 2026-10-03
게임 개발자·프로그래머 되는 법 (언어·엔진·순서),게임 프로그래머 되는 법,직군,게임개발자 게임프로그래머 게임개발 게임만들기 게임프로그래밍 게임개발자되는법 게임개발학원 게임엔진 유니티엔진 언리얼엔진학원 유니티학원 C++학원 C++기초 게임프로그래밍전문가 1인게임개발 인디게임개발,작성 2026-10-04
게임원화가 되는 법 (하는 일·준비·포트폴리오),게임원화가 되는 법,직군,게임원화가 게임원화 게임일러스트 컨셉아트 원화가 게임원화학원 게임일러스트레이터 컨셉아트학원 게임원화포트폴리오 원화학원 게임일러스트학원 게임원화가학원 배경원화 캐릭터원화 게임배경원화 게임원화학과,작성 2026-10-04
청강대 게임과 입시: 포트폴리오·면접전형 준비,청강대 게임과 포트폴리오,입시,청강대게임과 청강대포트폴리오 청강대합격작 청강대입시 청강대게임학과 청강대포폴 청강대면접전형 청강대합격 청강대입시학원 청강대실기대전 청강대게임과포트폴리오 청강대게임학과포트폴리오 게임포트폴리오,
게임기획자 되는 법 (하는 일·기획서·포트폴리오),게임기획자 되는 법,직군,게임기획자 게임기획 게임기획전문가 게임기획학원 게임기획서 게임디자이너,
캐릭터 디자인·게임 캐릭터 그리기 입문,게임 캐릭터 디자인,입문,게임캐릭터 캐릭터디자인 캐릭터드로잉 게임캐릭터디자이너 게임캐릭터디자인 캐릭터디자인학과 캐릭터디자인수업 캐릭터디자인학원 인체드로잉 인체드로잉기초,
게임 3D 모델링 입문 (블렌더·지브러쉬·맥스),게임 3D 모델링,입문,블렌더3D 지브러쉬 3DMAX 리깅 3D모델링학원 블렌더학원 3D학원 3D게임 서브스턴스페인터 3D모델러 3D캐릭터모델링 캐릭터모델링 대전마야학원 지브러쉬학원 노마드스컬프,
게임학원 고르는 법 (국비·대전 지역 포함),게임학원 고르는 법,지역·전환,게임학원 게임아카데미 국비지원게임학원 대전게임학원 대전게임아카데미 게임입시학원 국비지원게임아카데미 게임아카데미학원,
게임고등학교 진학 (게임고 종류·준비),게임고등학교,입시,게임고등학교,
